{"cameraMode":{"drawMode":0,"name":"Shaded","section":"Shading Mode"},"sceneLighting":false,"audioPlay":false,"sceneViewState":{"showFog":true,"showMaterialUpdate":false,"showSkybox":true,"showFlares":true,"showImageEffects":true,"showParticleSystems":true},"in2DMode":false,"pivot":{"x":428.9455871582031,"y":398.8041687011719,"z":-0.2527942657470703},"rotation":{"x":-0.10466104000806809,"y":0.3658827245235443,"z":-0.04145117849111557,"w":-0.9238277673721314},"size":26.86005401611328,"orthographic":false}